System,Title,Subtitle,Type
Edge of the Empire,No Disintegrations,,Sourcebook
Edge of the Empire,Fly Casual,,Sourcebook
Edge of the Empire,Suns of Fortune,,Sourcebook
Edge of the Empire,Enter the Unknown,,Sourcebook
Edge of the Empire,Dangerous Covenants,,Sourcebook
Edge of the Empire,Far Horizons,,Sourcebook
Edge of the Empire,Special Modifications,,Sourcebook
Age of Rebellion,Strongholds of Resistance,,Sourcebook
Age of Rebellion,Lead by Example,,Sourcebook
Age of Rebellion,Cyphers and Masks,,Sourcebook
Age of Rebellion,Forged in Battle,,Sourcebook
Age of Rebellion,Fully Operational,,Sourcebook
Age of Rebellion,Stay on Target,,Sourcebook
Age of Rebellion,Desperate Allies,,Sourcebook
Force and Destiny,Nexus of Power,,Sourcebook
Force and Destiny,Knights of Fate,,Sourcebook
Force and Destiny,Endless Vigil,,Sourcebook
Force and Destiny,Unlimited Power,,Sourcebook
Force and Destiny,Savage Spirits,,Sourcebook
Force and Destiny,Disciples of Harmony,,Sourcebook
Force and Destiny,Keeping the Peace,,Sourcebook
Edge of the Empire,Core Rulebook,,Core Rulebook
Edge of the Empire,Game Master's Kit,,Game Master
Edge of the Empire,Beyond the Rim,,Adventure
Edge of the Empire,The Jewel of Yavin,,Adventure
Edge of the Empire,Mask of the Pirate Queen,,Adventure
Age of Rebellion,Allies and Adversaries,,Supplement
Age of Rebellion,Rise of the Separatists,,Supplement
Age of Rebellion,Collapse of the Republic,,Supplement
Age of Rebellion,Dawn of Rebellion,,Supplement
Age of Rebellion,Core Rulebook,,Core Rulebook
Age of Rebellion,Game Master's Kit,,Game Master
Age of Rebellion,Gadgets and Gear,,Supplement
Age of Rebellion,Starships and Speeders,,Supplement
Age of Rebellion,Onslaught at Arda I,,Adventure
Age of Rebellion,Friends Like These,,Adventure
Force and Destiny,Core Rulebook,,Core Rulebook
Force and Destiny,Game Master's Kit,,Game Master
Force and Destiny,Chronicles of the Gatekeeper,,Adventure
Force and Destiny,Ghosts of Dathomir,,Adventure
Custom,Core Rulebook,,Supplement